[
  {
    "index": 1,
    "id": "9e3e3994-a3ed-47ca-a014-d4483884cfe2",
    "featuredImage": "https://images.unsplash.com/photo-1611783398974-18d64fdad700?ixid=MnwxMjA3fDB8MHxwaG90by1wYWdlfHx8fGVufDB8fHx8&ixlib=rb-1.2.1&auto=format&fit=crop&w=764&q=80",
    "title": "Lenovo’s smarter devices stoke professional passions ",
    "desc": "Aenean lectus. Pellentesque eget nunc. Donec quis orci eget orci vehicula condimentum.",
    "date": "May 20, 2021",
    "href": "/single/this-is-single-slug",
    "commentCount": 11,
    "viewdCount": 2504,
    "readingTime": 2,
    "bookmark": { "count": 3007, "isBookmarked": false },
    "like": { "count": 3366, "isLiked": true },
    "authorId": 3,
    "categoriesId": [3, 12],
    "postType": "standard"
  },
  {
    "index": 2,
    "id": "af92a665-4a4d-4cff-9e17-89456df21fb5",
    "featuredImage": "https://images.unsplash.com/photo-1543242594-c8bae8b9e708?ixlib=rb-1.2.1&ixid=MnwxMjA3fDB8MHxwaG90by1wYWdlfHx8fGVufDB8fHx8&auto=format&fit=crop&w=1170&q=80",
    "title": "How AI and Teams are benefitting the littlest of patients ",
    "desc": "In sagittis dui vel nisl. Duis ac nibh. Fusce lacus purus, aliquet at, feugiat non, pretium quis, lectus.",
    "date": "May 20, 2021",
    "href": "/single-video/this-is-single-slug",
    "commentCount": 13,
    "viewdCount": 1646,
    "readingTime": 5,
    "bookmark": { "count": 3751, "isBookmarked": false },
    "like": { "count": 3024, "isLiked": false },
    "authorId": 4,
    "categoriesId": [4, 13],
    "postType": "video",
    "videoUrl": "https://www.youtube.com/watch?v=U5afsxvz75c"
  },
  {
    "index": 3,
    "id": "dffe0224-ebff-4803-bb66-e8d128656284",
    "featuredImage": "https://images.unsplash.com/photo-1561491431-71b89da6056a?ixid=MnwxMjA3fDB8MHxwaG90by1wYWdlfHx8fGVufDB8fHx8&ixlib=rb-1.2.1&auto=format&fit=crop&w=1170&q=80",
    "title": "DIYer and TV host Trisha Hershberger’s journey through gaming keeps evolving",
    "desc": "Integer tincidunt ante vel ipsum. Praesent blandit lacinia erat. Vestibulum sed magna at nunc commodo placerat.",
    "date": "May 20, 2021",
    "href": "/single/this-is-single-slug",
    "commentCount": 33,
    "viewdCount": 4031,
    "readingTime": 2,
    "bookmark": { "count": 76, "isBookmarked": false },
    "like": { "count": 222, "isLiked": false },
    "authorId": 4,
    "categoriesId": [4, 13],
    "postType": "standard"
  },
  {
    "index": 4,
    "id": "5ac7cb90-4694-42e8-8883-16372711eaa8",
    "featuredImage": "https://images.unsplash.com/photo-1561491429-11ae811cee95?ixlib=rb-1.2.1&ixid=MnwxMjA3fDB8MHxwaG90by1wYWdlfHx8fGVufDB8fHx8&auto=format&fit=crop&w=1172&q=80",
    "title": "New tools for Black pregnant and postpartum mothers to save lives",
    "desc": "Fusce consequat. Nulla nisl. Nunc nisl.",
    "date": "May 20, 2021",
    "href": "/single/this-is-single-slug",
    "commentCount": 49,
    "viewdCount": 1632,
    "readingTime": 6,
    "bookmark": { "count": 264, "isBookmarked": true },
    "like": { "count": 3735, "isLiked": true },
    "authorId": 5,
    "categoriesId": [5, 14],
    "postType": "standard"
  },
  {
    "index": 5,
    "id": "f82a8455-3a14-4af9-b6d2-ac6cd74e007c",
    "featuredImage": "https://images.unsplash.com/photo-1561489401-fc2876ced162?ixlib=rb-1.2.1&ixid=MnwxMjA3fDB8MHxwaG90by1wYWdlfHx8fGVufDB8fHx8&auto=format&fit=crop&w=1170&q=80",
    "title": "People who inspired us in 2019 ",
    "desc": "Aliquam quis turpis eget elit sodales scelerisque. Mauris sit amet eros. Suspendisse accumsan tortor quis turpis.",
    "date": "May 20, 2021",
    "href": "/single-video/this-is-single-slug",
    "commentCount": 9,
    "viewdCount": 3338,
    "readingTime": 5,
    "bookmark": { "count": 733, "isBookmarked": false },
    "like": { "count": 3569, "isLiked": true },
    "authorId": 10,
    "categoriesId": [10, 19],
    "postType": "video",
    "videoUrl": "https://www.youtube.com/watch?v=dBsicD0ItD0&t=32s"
  },
  {
    "index": 6,
    "id": "54c11c92-049f-4353-8cdb-f7ec70d3ae75",
    "featuredImage": "https://images.unsplash.com/photo-1560523160-754a9e25c68f?ixlib=rb-1.2.1&ixid=MnwxMjA3fDB8MHxwaG90by1wYWdlfHx8fGVufDB8fHx8&auto=format&fit=crop&w=1136&q=80",
    "title": "How architects visualize design for world’s biggest airport",
    "desc": "Phasellus sit amet erat. Nulla tempus. Vivamus in felis eu sapien cursus vestibulum.",
    "date": "May 20, 2021",
    "href": "/single/this-is-single-slug",
    "commentCount": 13,
    "viewdCount": 4475,
    "readingTime": 2,
    "bookmark": { "count": 199, "isBookmarked": false },
    "like": { "count": 3052, "isLiked": true },
    "authorId": 9,
    "categoriesId": [9, 18],
    "postType": "standard"
  },
  {
    "index": 7,
    "id": "1c40aaaf-0077-4f54-9b34-e90d95e17c7e",
    "featuredImage": "https://images.unsplash.com/photo-1556761175-5973dc0f32e7?ixid=MnwxMjA3fDB8MHxwaG90by1wYWdlfHx8fGVufDB8fHx8&ixlib=rb-1.2.1&auto=format&fit=crop&w=1632&q=80",
    "title": "Take a 3D tour through a Microsoft datacenter",
    "desc": "Vestibulum ac est lacinia nisi venenatis tristique. Fusce congue, diam id ornare imperdiet, sapien urna pretium nisl, ut volutpat sapien arcu sed augue. Aliquam erat volutpat.",
    "date": "May 20, 2021",
    "href": "/single-video/this-is-single-slug",
    "commentCount": 20,
    "viewdCount": 2714,
    "readingTime": 4,
    "bookmark": { "count": 1321, "isBookmarked": true },
    "like": { "count": 3309, "isLiked": true },
    "authorId": 2,
    "categoriesId": [2, 11],
    "postType": "video",
    "videoUrl": "https://www.youtube.com/watch?v=U5afsxvz75c"
  },
  {
    "index": 8,
    "id": "9f1739eb-8f00-4c99-97f4-63544b6a2d12",
    "featuredImage": "https://images.unsplash.com/photo-1552664730-d307ca884978?ixid=MnwxMjA3fDB8MHxwaG90by1wYWdlfHx8fGVufDB8fHx8&ixlib=rb-1.2.1&auto=format&fit=crop&w=1170&q=80",
    "title": "Mind games: How gaming can play a positive role in mental health",
    "desc": "Duis bibendum, felis sed interdum venenatis, turpis enim blandit mi, in porttitor pede justo eu massa. Donec dapibus. Duis at velit eu est congue elementum.",
    "date": "May 20, 2021",
    "href": "/single-audio/this-is-single-slug",
    "commentCount": 18,
    "viewdCount": 3800,
    "readingTime": 5,
    "bookmark": { "count": 1168, "isBookmarked": false },
    "like": { "count": 1255, "isLiked": true },
    "authorId": 4,
    "categoriesId": [4, 13],
    "postType": "audio",
    "audioUrl": "https://chisnghiax.com/ncmaz_mp3/Alan_Walker_-_AloneMP3_128K.mp3"
  },
  {
    "index": 9,
    "id": "0991ab0b-696f-4d7f-afe7-9c624eb8c050",
    "featuredImage": "https://images.unsplash.com/photo-1552581234-26160f608093?ixlib=rb-1.2.1&ixid=MnwxMjA3fDB8MHxwaG90by1wYWdlfHx8fGVufDB8fHx8&auto=format&fit=crop&w=1170&q=80",
    "title": "Microsoft announces a five-year commitment to create bigger opportunities for people with disabilities",
    "desc": "Duis bibendum. Morbi non quam nec dui luctus rutrum. Nulla tellus.",
    "date": "May 20, 2021",
    "href": "/single/this-is-single-slug",
    "commentCount": 19,
    "viewdCount": 4515,
    "readingTime": 3,
    "bookmark": { "count": 3463, "isBookmarked": true },
    "like": { "count": 2586, "isLiked": false },
    "authorId": 9,
    "categoriesId": [9, 18],
    "postType": "standard"
  },
  {
    "index": 10,
    "id": "eae0e85d-db11-44fa-ac32-6c192f687e0c",
    "featuredImage": "https://images.unsplash.com/photo-1558403194-611308249627?ixlib=rb-1.2.1&ixid=MnwxMjA3fDB8MHxwaG90by1wYWdlfHx8fGVufDB8fHx8&auto=format&fit=crop&w=1170&q=80",
    "title": "360-degree video: How Microsoft deployed a datacenter to the bottom of the ocean",
    "desc": "We’re an online magazine dedicated to covering the best in international product design. We started as a little blog back in 2002 covering student work and over time",
    "date": "May 20, 2021",
    "href": "/single/this-is-single-slug",
    "commentCount": 14,
    "viewdCount": 2378,
    "readingTime": 6,
    "bookmark": { "count": 3502, "isBookmarked": false },
    "like": { "count": 773, "isLiked": true },
    "authorId": 9,
    "categoriesId": [9, 18],
    "postType": "standard"
  },
  {
    "index": 11,
    "id": "10f85e8a-a75a-485a-a1af-7555193fae1a",
    "featuredImage": "https://images.unsplash.com/photo-1497015455546-1da71faf8d06?ixlib=rb-1.2.1&ixid=MnwxMjA3fDB8MHxwaG90by1wYWdlfHx8fGVufDB8fHx8&auto=format&fit=crop&w=1632&q=80",
    "title": "To cool datacenter servers, Microsoft turns to boiling liquid Donec quis",
    "desc": "Nam ultrices, libero non mattis pulvinar, nulla pede ullamcorper augue, a suscipit nulla elit ac nulla. Sed vel enim sit amet nunc viverra dapibus. Nulla suscipit ligula in lacus.",
    "date": "May 20, 2021",
    "href": "/single-video/this-is-single-slug",
    "commentCount": 39,
    "viewdCount": 1460,
    "readingTime": 3,
    "bookmark": { "count": 732, "isBookmarked": false },
    "like": { "count": 1917, "isLiked": false },
    "authorId": 3,
    "categoriesId": [3, 12],
    "postType": "video",
    "videoUrl": "https://www.youtube.com/watch?v=yvZox35ures"
  },
  {
    "index": 12,
    "id": "f924ccfb-2622-497d-8072-df373c73cbaa",
    "featuredImage": "https://images.unsplash.com/photo-1543242594-c8bae8b9e708?ixlib=rb-1.2.1&ixid=MnwxMjA3fDB8MHxwaG90by1wYWdlfHx8fGVufDB8fHx8&auto=format&fit=crop&w=1170&q=80",
    "title": "Xbox connects people to help through Crisis Text Line and Aenean lectus",
    "desc": "Aenean lectus. Pellentesque eget nunc. Donec quis orci eget orci vehicula condimentum.",
    "date": "May 20, 2021",
    "href": "/single-video/this-is-single-slug",
    "commentCount": 2,
    "viewdCount": 3418,
    "readingTime": 7,
    "bookmark": { "count": 1502, "isBookmarked": false },
    "like": { "count": 913, "isLiked": false },
    "authorId": 9,
    "categoriesId": [9, 18],
    "postType": "video",
    "videoUrl": "https://www.youtube.com/watch?v=yvZox35ures"
  },
  {
    "index": 13,
    "id": "6fa9d0b2-d48b-48f3-b862-cb38a4b6c755",
    "featuredImage": "https://images.unsplash.com/photo-1556306535-abccb1f2533c?ixid=MnwxMjA3fDB8MHxwaG90by1wYWdlfHx8fGVufDB8fHx8&ixlib=rb-1.2.1&auto=format&fit=crop&w=1170&q=80",
    "title": "Unusual ‘machine in the woods’ taps clean energy deep underground for new Microsoft campus",
    "desc": "In hac habitasse platea dictumst. Etiam faucibus cursus urna. Ut tellus.",
    "date": "May 20, 2021",
    "href": "/single-audio/this-is-single-slug",
    "commentCount": 5,
    "viewdCount": 3894,
    "readingTime": 4,
    "bookmark": { "count": 3384, "isBookmarked": true },
    "like": { "count": 1731, "isLiked": false },
    "authorId": 10,
    "categoriesId": [10, 19],
    "postType": "audio",
    "audioUrl": "https://chisnghiax.com/ncmaz_mp3/Alan_Walker_-_Fade_NCS_ReleaseMP3_160K.mp3"
  },
  {
    "index": 14,
    "id": "95de5119-776e-4c7f-9ff3-52482f9a2081",
    "featuredImage": "https://images.unsplash.com/photo-1613442301239-ea2478101ea7?ixid=MnwxMjA3fDB8MHxwaG90by1wYWdlfHx8fGVufDB8fHx8&ixlib=rb-1.2.1&auto=format&fit=crop&w=1974&q=80",
    "title": "WNBA’s Sabrina Ionescu teams up with Xbox to empower young girls to pursue their hoop dreams ",
    "desc": "In hac habitasse platea dictumst. Etiam faucibus cursus urna. Ut tellus.",
    "date": "May 20, 2021",
    "href": "/single-gallery/this-is-single-slug",
    "commentCount": 27,
    "viewdCount": 1038,
    "readingTime": 4,
    "bookmark": { "count": 3818, "isBookmarked": false },
    "like": { "count": 1160, "isLiked": false },
    "authorId": 2,
    "categoriesId": [2, 11],
    "postType": "gallery",
    "galleryImgs": [
      "https://images.pexels.com/photos/347141/pexels-photo-347141.jpeg?auto=compress&cs=tinysrgb&dpr=1&w=500",
      "https://images.pexels.com/photos/3155666/pexels-photo-3155666.jpeg?auto=compress&cs=tinysrgb&dpr=1&w=500",
      "https://images.pexels.com/photos/2662116/pexels-photo-2662116.jpeg?auto=compress&cs=tinysrgb&dpr=1&w=500",
      "https://images.pexels.com/photos/1660995/pexels-photo-1660995.jpeg?auto=compress&cs=tinysrgb&dpr=1&w=500"
    ]
  },
  {
    "index": 15,
    "id": "499ea541-5d70-4978-8b41-eeb3987024bd",
    "featuredImage": "https://images.unsplash.com/photo-1535320903710-d993d3d77d29?ixlib=rb-1.2.1&ixid=MnwxMjA3fDB8MHxwaG90by1wYWdlfHx8fGVufDB8fHx8&auto=format&fit=crop&w=1170&q=80",
    "title": "New tools and advocacy support Black pregnant and postpartum mothers to save lives ",
    "desc": "In sagittis dui vel nisl. Duis ac nibh. Fusce lacus purus, aliquet at, feugiat non, pretium quis, lectus.",
    "date": "May 20, 2021",
    "href": "/single-audio/this-is-single-slug",
    "commentCount": 3,
    "viewdCount": 584,
    "readingTime": 5,
    "bookmark": { "count": 1308, "isBookmarked": false },
    "like": { "count": 2182, "isLiked": false },
    "authorId": 3,
    "categoriesId": [3, 12],
    "postType": "audio",
    "audioUrl": "https://chisnghiax.com/ncmaz_mp3/Alan_Walker_-_Sing_Me_To_SleepMP3_160K.mp3"
  },
  {
    "index": 16,
    "id": "20992b33-1bae-4867-b0fb-dec76ac1e0da",
    "featuredImage": "https://images.unsplash.com/photo-1618708224304-42f745cd30a5?ixid=MnwxMjA3fDB8MHxwaG90by1wYWdlfHx8fGVufDB8fHx8&ixlib=rb-1.2.1&auto=format&fit=crop&w=686&q=80",
    "title": "New Orleans Game Camp creates opportunities for a more diverse pipeline into the gaming industry ",
    "desc": "Quisque porta volutpat erat. Quisque erat eros, viverra eget, congue eget, semper rutrum, nulla. Nunc purus.",
    "date": "May 20, 2021",
    "href": "/single-video/this-is-single-slug",
    "commentCount": 19,
    "viewdCount": 52,
    "readingTime": 5,
    "bookmark": { "count": 482, "isBookmarked": true },
    "like": { "count": 627, "isLiked": false },
    "authorId": 9,
    "categoriesId": [9, 18],
    "postType": "video",
    "videoUrl": "https://www.youtube.com/watch?v=dBsicD0ItD0&t=32s"
  },
  {
    "index": 17,
    "id": "71fde139-b176-44e3-8514-2296f1d888d3",
    "featuredImage": "https://images.unsplash.com/photo-1618710246664-3e51f8a18744?ixlib=rb-1.2.1&ixid=MnwxMjA3fDB8MHxwaG90by1wYWdlfHx8fGVufDB8fHx8&auto=format&fit=crop&w=687&q=80",
    "title": "Unusual ‘machine in the woods’ taps clean energy deep underground for new Microsoft campus ",
    "desc": "Fusce posuere felis sed lacus. Morbi sem mauris, laoreet ut, rhoncus aliquet, pulvinar sed, nisl. Nunc rhoncus dui vel sem.",
    "date": "May 20, 2021",
    "href": "/single/this-is-single-slug",
    "commentCount": 1,
    "viewdCount": 2996,
    "readingTime": 2,
    "bookmark": { "count": 2515, "isBookmarked": false },
    "like": { "count": 1277, "isLiked": false },
    "authorId": 10,
    "categoriesId": [10, 19],
    "postType": "standard"
  },
  {
    "index": 18,
    "id": "f63fbb28-94a6-4a87-bfe4-5ac6a9e7990b",
    "featuredImage": "https://images.unsplash.com/photo-1551169562-ce654c28043c?ixlib=rb-1.2.1&ixid=MnwxMjA3fDB8MHxwaG90by1wYWdlfHx8fGVufDB8fHx8&auto=format&fit=crop&w=1074&q=80",
    "title": "New ideas and energized employees fuel Microsoft’s ongoing efforts toward racial equity ",
    "desc": "Aenean lectus. Pellentesque eget nunc. Donec quis orci eget orci vehicula condimentum.",
    "date": "May 20, 2021",
    "href": "/single/this-is-single-slug",
    "commentCount": 1,
    "viewdCount": 129,
    "readingTime": 7,
    "bookmark": { "count": 3976, "isBookmarked": false },
    "like": { "count": 3126, "isLiked": false },
    "authorId": 4,
    "categoriesId": [4, 13],
    "postType": "standard"
  },
  {
    "index": 19,
    "id": "2980bc99-74c7-4507-a28d-78966ec71acf",
    "featuredImage": "https://images.unsplash.com/photo-1572356722933-adf495627701?ixlib=rb-1.2.1&ixid=MnwxMjA3fDB8MHxwaG90by1wYWdlfHx8fGVufDB8fHx8&auto=format&fit=crop&w=1631&q=80",
    "title": "With lessons rooted in social justice movements, Minecraft’s Good Trouble aims to help build a better world.",
    "desc": "Nulla ut erat id mauris vulputate elementum. Nullam varius. Nulla facilisi.",
    "date": "May 20, 2021",
    "href": "/single/this-is-single-slug",
    "commentCount": 45,
    "viewdCount": 575,
    "readingTime": 7,
    "bookmark": { "count": 2264, "isBookmarked": true },
    "like": { "count": 1642, "isLiked": false },
    "authorId": 7,
    "categoriesId": [7, 16],
    "postType": "standard"
  },
  {
    "index": 20,
    "id": "c8f8e679-d434-4a1c-9448-efc44814d11e",
    "featuredImage": "https://images.unsplash.com/photo-1571842705650-728fd132c62f?ixlib=rb-1.2.1&ixid=MnwxMjA3fDB8MHxwaG90by1wYWdlfHx8fGVufDB8fHx8&auto=format&fit=crop&w=1170&q=80",
    "title": "Early community involvement has ‘meant a lot’ in Atlanta as Microsoft plans to expand its presence ",
    "desc": "Maecenas leo odio, condimentum id, luctus nec, molestie sed, justo. Pellentesque viverra pede ac diam. Cras pellentesque volutpat dui.",
    "date": "May 20, 2021",
    "href": "/single/this-is-single-slug",
    "commentCount": 36,
    "viewdCount": 2783,
    "readingTime": 4,
    "bookmark": { "count": 1653, "isBookmarked": true },
    "like": { "count": 505, "isLiked": false },
    "authorId": 10,
    "categoriesId": [10, 19],
    "postType": "standard"
  }
]
